Citizen_ID,Age,Gender,Mode_of_Transport,Work_Hours,Shopping_Hours,Entertainment_Hours,Home_Energy_Consumption_kWh,Charging_Station_Usage,Carbon_Footprint_kgCO2,Steps_Walked,Calories_Burned,Sleep_Hours,Social_Media_Hours,Public_Events_Hours
1001,56,Female,Walking,5,2,0,5.32,0,44.7,15635,975,9.2,5.8,0.5
1002,69,Male,Bicycle,0,2,2,2.19,1,92.39,1671,455,28.1,5.5,1.9
1003,46,Male,Bike,0,4,0,4.68,0,78.57,1777,324,4.7,3.8,2.8
1004,32,Male,Car,7,2,3,3.42,0,55.46,4022,537,4.9,3.5,0.5
1005,60,Male,Walking,3,3,1,2.79,0,98.95,19244,1414,6.6,2.2,0.5
1006,25,Male,Walking,0,1,3,9.65,0,51.87,14817,1104,5.2,0.1,1.3
1007,38,Male,EV,9,0,1,6.79,1,15.24,15260,997,4.2,0.8,2.4
1008,56,Male,EV,6,4,2,7.83,0,33.6,2074,346,8.8,4.5,0.9
1009,36,Male,Bike,4,3,1,4.52,0,49.25,10908,248,4.1,2.8,0.8
1010,40,Female,Bike,4,0,0,5.15,0,24.12,10475,853,9,0.9,1.9
1011,28,Female,Walking,0,0,3,3.9,1,95.28,13878,926,4.9,1.6,1.6
1012,18,Female,Bike,9,4,1,2.78,0,79.02,16120,119,9.8,5.7,0.2
1013,41,Female,Bike,5,3,3,3.43,0,34.15,2986,387,7.6,2.2,0.2
1014,53,Female,Public Transport,8,0,2,8.38,1,63.17,11825,815,8.4,5.4,1.9
1015,57,Male,EV,8,0,2,7.42,0,74.93,10193,812,4.7,1.8,1.4
1016,41,Female,Car,7,3,0,6.38,0,94.72,18430,1081,9.2,3.3,2.9
1017,20,Female,Walking,4,2,2,5.8,0,89.35,3176,507,9,0.1,2
1018,39,Female,Bike,0,0,1,9.38,0,56.37,19722,1383,7.9,3.1,0
1019,19,Male,Walking,8,1,2,2.58,0,79.72,11047,664,7,3.8,1.4
1020,41,Male,Public Transport,0,3,0,4.24,1,60.59,17884,1389,8.3,1.4,1.2
1021,61,Male,Car,7,0,3,4.8,0,59.74,19617,1334,4,3.5,0.3
1022,47,Male,Bike,4,4,3,8.26,1,20.33,5608,464,7.6,3.9,2.8
1023,55,Female,Walking,2,1,2,9.94,0,21.35,12906,764,9.1,4.1,2.4
1024,19,Female,EV,6,0,1,3.93,1,57.66,8234,560,6.1,4.7,0.7
1025,38,Male,Public Transport,6,1,0,8.99,0,34.2,7610,643,4.6,1.9,0.8
1026,50,Other,Car,8,1,1,8.64,0,11.89,11524,369,6.5,3.4,0.1
1027,29,Female,Public Transport,6,2,0,3.8,0,75.06,17984,1086,8.4,5.9,0.9
1028,39,Male,EV,2,1,2,5.19,1,12.92,14411,888,4.6,5.4,1.8
1029,61,Male,Car,0,2,0,5.28,0,63.57,10180,645,5.2,5.7,1.3
1030,42,Male,Public Transport,7,3,0,9.83,0,58.53,16225,1163,4.9,2.3,2.9
1031,66,Male,Bicycle,2,2,2,3.45,0,97.19,11073,904,8.8,4.7,0.2
1032,44,Male,EV,7,4,1,8.39,0,53.58,5483,513,4.4,3.7,1.8
1033,59,Male,EV,7,0,2,4.67,0,15.72,6901,799,8.1,0.5,2.6
1034,45,Male,EV,4,3,0,7.85,0,59.65,7129,836,6.2,4.9,1.4
1035,33,Male,Bicycle,0,3,2,5.36,0,85.7,19138,1223,8.5,4.1,0
1036,32,Female,Bicycle,9,4,0,6.63,0,99.72,19848,1145,9.8,1.2,0.7
1037,64,Male,Walking,6,2,2,8.66,0,48.73,11415,1055,4.7,0.5,1
1038,68,Female,Bike,9,0,3,8.43,0,38.83,5482,551,5.9,5,2.9
1039,61,Male,Public Transport,4,2,3,8.93,1,91.6,10686,930,8.9,0.5,2.7
1040,69,Other,Walking,7,1,2,2.48,0,27.21,8400,820,5.6,0.5,2.8
1041,20,Male,Public Transport,8,2,1,7.54,0,65.39,7806,848,5.3,2.6,2.5
1042,54,Male,Bike,6,3,0,3.12,0,46.51,11516,780,9,,1.1
1043,68,Other,Bicycle,6,0,3,5.33,1,13.7,8396,655,9.9,5.5,2.7
1044,24,Female,Bike,0,2,1,6.39,1,41.26,8338,705,7.3,2.8,2.9
1045,38,Female,Bicycle,3,0,0,5.22,1,33.87,10950,774,5.7,3.4,1.1
1046,26,Male,Bike,1,0,3,6.16,0,71.75,13500,1116,6.4,5.6,0.8
1047,56,Male,Walking,1,1,3,9.97,0,95.39,12545,773,5,3.2,1.6
1048,35,Female,Car,1,1,2,3.08,0,34.12,6241,416,8.6,2.1,0.6
1049,21,Female,Walking,3,3,0,7.4,0,83.03,5695,640,8.6,4.8,0.1
1050,42,Female,Public Transport,0,4,1,5.17,0,14.98,12530,1025,9.3,2.7,2.8
1051,31,Female,Walking,3,0,1,3.06,1,58.43,15312,1014,4.2,1.9,2.8
1052,67,Male,EV,1,4,1,3.27,1,16.35,19972,1391,7.4,4.3,0.5
1053,26,Female,Public Transport,4,3,0,9.59,1,94.06,15318,1107,5.3,4.8,1.2
1054,43,Male,Bike,2,0,1,9.04,0,78.97,19166,1332,6,4.8,2.5
1055,19,Male,Public Transport,7,0,1,9.26,0,69.22,12324,923,8.7,5.9,2
1056,37,Male,Car,3,4,1,9.93,0,84.15,4218,424,5.2,4.7,1.2
1057,45,Female,Bicycle,0,2,2,3.67,0,68.28,5016,544,7.8,4.6,2.2
1058,64,Male,Bike,0,1,2,4.84,1,97.2,3837,633,7.9,5.1,2.7
1059,24,Male,Public Transport,9,2,0,7.35,0,74.26,17312,1134,9.7,0,2.8
1060,61,Female,Bike,2,4,0,5.87,0,93.22,8034,879,8.7,2.2,1.1
1061,25,Male,Bike,8,1,1,5.35,0,56.54,8309,596,8.8,4.4,0.5
1062,64,Female,Bike,6,2,2,4.86,0,20.54,15379,1021,7.2,3.6,2.7
1063,52,Male,Bicycle,1,1,3,6.75,1,57.54,5239,501,5.1,1.1,0.3
1064,31,Female,Walking,8,0,3,6.6,0,21.42,13128,1069,6.6,1.8,2.2
1065,34,Female,Bike,9,2,1,3.29,1,63.32,16856,1087,7.3,2,0.4
1066,53,Male,EV,1,1,1,5.77,0,53.42,10611,952,8.1,3.4,1.2
1067,67,Male,Car,2,1,2,6.43,0,66.03,5150,478,7.6,5,1.2
1068,57,Male,Bicycle,9,1,2,6.56,1,10.9,12109,956,6.4,5.6,0.5
1069,21,Male,Public Transport,1,2,2,3.68,0,27.54,2446,564,5.6,4.5,2.8
1070,19,Other,Bicycle,2,3,0,7.94,1,54.22,12936,1132,5,5.1,0
1071,23,Male,Public Transport,5,2,0,2.2,0,95.55,12036,1011,8.2,2.8,2.7
1072,59,Female,Bicycle,8,4,1,4.84,0,44.52,7468,561,17.9,2.3,2.7
1073,21,Male,Public Transport,8,2,0,8.24,0,48.19,15021,908,8.1,2.4,1
1074,46,Female,Bike,6,1,2,6.51,1,74.32,5175,420,6.2,3.7,2.1
1075,35,Female,Walking,2,0,2,4.09,0,64.34,16390,1265,5.6,0.7,0.8
1076,43,Female,Public Transport,3,2,0,7.56,1,36.9,6080,711,8.6,3.5,2.3
1077,61,Male,Public Transport,5,2,3,6.54,0,46.97,16471,1304,8.6,4,1.7
1078,51,Male,EV,4,1,1,8.37,0,29.59,15893,1173,6.7,2.6,0.9
1079,27,Male,,1,0,3,7.88,0,96.94,18248,1083,7.7,5.7,1.2
1080,53,Female,EV,5,0,1,6.88,0,21.76,17009,958,6.2,3.6,2.1
1081,31,Female,Car,2,4,3,5.91,0,43.47,7217,825,8.2,1.3,2.7
1082,48,Other,Bike,7,2,0,3.07,1,12.33,6672,526,9,2.9,0.4
1083,65,Male,EV,1,0,1,4.09,0,29.96,2502,597,8.1,4.1,1.7
1084,32,Female,Walking,0,0,1,5.35,0,80.24,2410,558,7.1,1.9,0.8
1085,25,Female,Bike,8,3,1,6.79,0,28.11,4770,673,6.8,0.5,2.4
1086,31,Male,EV,2,3,2,6.11,0,17.21,11097,805,7.9,3.5,0.2
1087,40,Male,Bike,0,0,2,4.31,0,52.7,5001,705,8.1,5.7,2.1
1088,57,Female,Bike,6,4,3,2.05,0,10.9,1598,218,7.4,2.9,0.5
1089,38,Female,Bike,9,0,0,5.97,0,17.63,11976,1056,7.7,5.4,1.8
1090,33,Female,Car,4,1,2,4.29,0,82.69,7391,530,4.6,5,2.5
1091,62,Male,Walking,4,2,1,7.88,0,79.43,17450,1225,9.7,0.9,2.3
1092,35,Female,Bicycle,0,4,2,2.19,0,92.36,15908,963,8.7,4.2,2.3
1093,64,Male,Bicycle,8,1,0,6.68,0,86.91,12590,1126,6.2,2.6,1.6
1094,41,Male,EV,6,4,2,9.53,0,71.49,17279,1207,7.4,1.5,2.7
1095,43,Male,Bike,7,1,1,3.4,0,14.71,3750,651,4.3,4.1,1.8
1096,42,Female,EV,8,2,3,5.77,1,80.46,10916,814,4.2,4.5,2.8
1097,62,Female,Car,5,2,1,2.73,1,86.1,7806,667,5.5,1.1,1.6
1098,58,Female,Car,4,3,0,7.01,1,81.92,7429,659,8.1,5.5,1.5
1099,46,Male,Public Transport,5,1,3,6.4,0,55.76,9123,815,9.1,4.5,0.7
1100,32,Female,Car,1,3,2,5.26,1,30.96,19015,1121,7.4,5.6,1.6
1101,62,Male,Public Transport,3,1,2,6.17,1,86.08,7452,488,7.2,1.9,0.4
1102,18,Female,Walking,2,3,2,9.17,1,75.44,18158,1376,6.4,5.6,2.6
1103,42,Male,EV,6,2,3,3.57,0,98.27,16456,1262,5,2.2,2
1104,24,Male,Walking,8,4,1,2.18,0,24.01,5019,406,4.7,0.3,3
1105,26,Male,Car,4,3,3,8.89,1,30.31,13419,987,8.6,4.6,0.3
1106,41,Male,Walking,5,1,3,6.62,0,29.06,1929,302,9.6,4.2,0.7
1107,18,Female,Walking,9,1,0,9.13,0,81.33,7264,766,6.7,3.6,2.6
1108,61,Female,Walking,1,2,3,6.78,0,26.82,8973,720,8,2.9,1.2
1109,25,Male,Car,2,1,2,8.48,0,16,10697,852,9.5,0.2,1.4
1110,41,Female,Bike,2,0,1,5.44,0,99.87,12136,952,4.5,3.7,2.6
1111,28,Male,Walking,8,4,1,8,0,12.23,2184,426,8.6,2.5,1.6
1112,68,Female,Public Transport,6,3,1,9.3,0,85.17,17911,1367,7.7,3.4,0.6
1113,34,Female,Car,7,4,2,6.58,0,42.88,1916,225,7.6,2.6,2.7
1114,25,Female,Walking,9,2,2,3.45,0,85.75,4574,695,5.8,5.8,0.1
1115,52,Male,Bike,8,3,2,4.15,0,59.92,4319,361,8.1,3.6,2.7
1116,52,Female,Car,5,3,2,3.59,0,91.15,18790,1172,8.8,4.5,0.2
1117,50,Female,Bicycle,3,0,2,3.97,0,93.36,18625,1138,4.7,5.6,2
1118,22,Male,Bike,0,2,3,4.45,1,10.82,6206,481,7.2,3.5,0.2
1119,59,Male,Public Transport,7,1,2,6.44,0,16.79,18182,1335,4.6,0.1,2.1
1120,56,Female,Walking,6,0,2,6.7,0,32.53,18907,1152,9.2,0.2,0.1
1121,58,Female,Bicycle,1,0,2,5.41,0,70.24,5928,704,7,4.2,2.5
1122,45,Female,Bicycle,7,4,2,6.92,1,89.94,17105,1352,8.8,1.7,1.4
1123,24,Female,Car,4,4,1,2.65,0,51.39,3888,565,6.2,3.5,0.3
1124,26,Female,Bicycle,6,4,2,2.7,0,64.63,3690,454,4.8,1.2,2.1
1125,25,Male,Public Transport,3,0,3,3.37,0,26.96,5091,469,4.2,1.6,1.5
1126,29,Male,Public Transport,4,1,3,6.14,0,82.45,14960,1176,5.7,3,0.6
1127,51,Male,EV,7,3,3,3.71,1,97.06,1690,257,5.5,5.9,0
1128,50,Female,Public Transport,0,4,0,4.27,1,34.17,2495,479,7.4,3.7,1.3
1129,65,Male,Bike,0,1,1,5.2,0,54.53,12085,784,4.1,5.6,0.3
1130,40,Female,Bicycle,3,2,2,8.49,0,17.75,18276,1280,7.1,5.8,0.3
1131,41,Female,Public Transport,2,4,0,2.11,0,60.32,11720,813,6.4,1.2,0.8
1132,54,Female,Car,9,3,2,7.2,0,55.25,6873,768,7.5,1.9,1.9
1133,52,Male,EV,1,2,0,7.35,0,23,5503,609,8.2,4.6,1.6
1134,61,Female,Bicycle,2,2,0,8.39,0,49.79,12720,776,7.8,5.2,0.2
1135,57,Male,EV,0,3,3,9.46,0,40.07,14964,1028,9.9,3.1,2.9
1136,39,Female,Bicycle,0,4,3,2.16,0,56.96,1897,350,4.8,6,2.7
1137,44,Male,Car,5,0,0,3.23,1,62.71,18094,1062,6.6,0.1,0.8
1138,52,Male,EV,4,3,3,9.09,0,10.76,4695,678,6.5,1.8,0.4
1139,18,Female,Walking,7,3,0,5.67,1,78.49,3686,532,6.5,3.7,2.8
1140,52,Male,Bike,1,3,1,6.52,1,74.17,6778,629,8,2.8,1.4
1141,54,Male,Bike,3,2,3,7.3,0,42.97,16150,930,6.9,0.7,0.9
1142,64,Female,Bicycle,7,1,3,7.43,1,14.76,17799,1388,7.1,2.2,1.5
1143,31,Female,Walking,5,0,3,9.45,0,77.94,10663,712,6.6,0.2,2.3
1144,20,Female,EV,0,4,1,9.98,0,95.97,5180,492,10,3.9,0.5
1145,18,Female,Walking,3,4,0,7.76,0,31.61,5262,575,9.6,5.4,2.3
1146,22,Female,Walking,0,1,2,4.3,1,39.12,3515,662,5.8,5.3,2.2
1147,43,Male,EV,1,3,3,9.04,0,26.54,12236,1058,4.7,4.2,1.6
1148,31,Male,Car,4,0,0,2.39,0,61.92,15104,1020,9,2.8,2.6
1149,56,Male,Walking,7,4,1,3.85,1,23.94,7616,827,10,3.1,0.4
1150,44,Female,Walking,7,4,2,9.18,0,42.06,18376,1354,5.8,0.8,1.8
1151,26,Female,Car,2,3,3,4.05,0,72.73,5370,765,6.1,2,1.3
1152,32,Male,Walking,3,1,1,3.77,1,60.41,19157,1127,9.6,1.1,1.3
1153,32,Male,Walking,9,0,1,3.11,1,44.78,4816,553,8.3,4.9,0.8
1154,43,Female,Walking,5,1,2,8.87,1,47.82,2756,301,5.8,5.5,1.1
1155,59,Male,Bike,9,1,0,6,1,60.59,3373,488,7.5,3.2,0.3
1156,30,Female,Public Transport,2,0,3,7.4,0,10.53,3576,585,9.7,4.4,0.8
1157,68,Female,Car,1,0,3,3.91,1,17.07,5184,644,8.9,0.7,0.8
1158,49,Female,Walking,5,4,0,8.06,0,89.31,3397,453,8.5,3.7,2.2
1159,56,Male,Bike,4,4,0,8.08,0,17.01,13674,989,8.4,4.2,0.1
1160,66,Female,Car,9,0,0,4.5,0,73.61,11326,764,5.1,2.7,2
1161,69,Female,Bicycle,4,2,2,5.29,0,92.8,11546,918,8.9,1.5,0.7
1162,49,Female,Bicycle,9,4,2,3.68,1,34.36,5535,533,5.7,5.3,0.2
1163,21,Female,Walking,4,2,3,9.81,1,43.34,15599,976,9.6,4.5,0.9
1164,47,Female,Bike,9,0,2,7.16,0,61.2,10168,649,6.2,5.4,0.7
1165,54,Female,Bike,4,4,1,9.48,0,89.35,18118,1143,9.1,4.9,1.7
1166,40,Male,Car,2,1,3,4.43,0,94.77,1632,463,5.6,5.9,1.1
1167,56,Female,Car,6,0,2,8.26,1,76.56,14280,1040,7.1,1.2,2.9
1168,62,Female,Bike,5,3,0,8.13,1,17.8,15746,958,4.6,0.5,2.9
1169,32,Male,Car,3,2,1,7.53,0,70.22,5268,605,8,2,1.3
1170,60,Female,Bike,1,0,0,9.73,0,46.93,19047,1069,9,0.8,2.4
1171,46,Female,Public Transport,8,0,3,5.15,0,52.36,16321,992,8.3,3.1,0
1172,53,Female,Bike,0,4,0,3.05,0,14.42,11207,704,7.1,3.8,1.6
1173,30,Male,Bicycle,3,4,2,7.37,1,27.2,6591,799,4.3,3.5,2.2
1174,49,Male,Car,0,4,2,7.83,0,81.15,17226,1303,9.6,1.6,0.7
1175,24,Other,Bike,5,3,3,6.6,0,50.86,2054,341,8.2,5.5,0.2
1176,68,Female,Bike,3,4,0,3.65,0,37.15,9572,754,8.5,0.1,0.5
1177,39,Male,Car,4,0,3,6.04,0,44.56,14579,1049,8.8,2.1,1.3
1178,45,Female,Public Transport,4,4,0,4.5,1,86.9,11583,770,8.5,4.3,1.5
1179,19,Female,Public Transport,8,1,1,5.42,0,77.41,9007,571,6.6,4.6,1.1
1180,59,Female,Car,0,4,2,7.16,0,34.51,16903,1116,8.4,2.5,1.3
1181,62,Female,EV,1,3,3,7.96,0,20.58,10784,730,7.8,0.1,1.4
1182,23,Male,Car,5,1,1,3.86,0,32.68,5261,554,9.1,3.7,2.3
1183,45,Male,Car,4,0,1,5.24,0,92.87,3389,345,8.8,0.4,0.3
1184,45,Male,Public Transport,6,0,3,4.15,1,62.34,14939,1126,4.2,0.6,2.3
1185,61,Female,Public Transport,2,2,3,3.59,0,58.01,12219,1073,6.3,3.9,2.1
1186,61,Male,Car,2,1,1,8.27,0,63.68,10399,797,4.2,1.9,2.2
1187,37,Male,Car,9,2,0,9.27,0,42.94,1544,414,4.6,2.1,2.2
1188,47,Male,Car,1,1,1,4.96,0,82.64,3239,395,7.6,2.9,1.4
1189,28,Female,Public Transport,2,1,3,8.01,0,57.1,11559,1041,9.2,5.9,0.6
1190,45,Female,Car,9,3,1,9.18,0,20.51,3627,670,4.7,5.8,1.6
1191,42,Male,Car,0,2,0,8.77,1,21.62,7618,759,6.7,2.5,2.9
1192,56,Male,Walking,4,3,2,3.46,1,58.32,13123,774,9.5,1.6,1.8
1193,50,Female,EV,4,1,2,9.65,0,94.29,7780,571,8.9,1.8,0
1194,18,Male,Bicycle,6,0,1,5.01,0,37.75,9015,777,7.1,1.6,0.2
1195,44,Male,EV,3,1,0,4.71,0,88.26,4130,676,8.6,3.2,3
1196,69,Male,Walking,2,3,2,2.5,0,78.77,17480,1238,7.1,3.6,0.2
1197,30,Male,Bicycle,0,2,1,5.89,1,32.3,15831,1002,4.9,2.9,0.1
1198,58,Male,Car,7,2,1,2.87,0,13.27,3708,535,4.7,2.4,1.1
1199,20,Female,Walking,2,3,0,3.99,0,19.17,6397,582,5.1,1.3,2.9
1200,56,Male,Car,1,2,3,4.54,1,75.56,12528,1083,6.1,2.9,1
1201,23,Female,Public Transport,3,4,1,8.47,1,27.97,17840,1159,9.6,2,1.2
1202,25,Male,Bike,2,0,3,9,0,43.41,6914,665,8.8,3.2,1.9
1203,44,Female,Walking,0,0,3,4.42,0,55.15,5368,671,6.6,4.1,0.1
1204,26,Female,Public Transport,2,0,2,8.87,0,75.29,12179,898,7,3.8,2.7
1205,54,Male,Walking,1,2,3,8.86,0,20.19,13076,1077,5.6,2.8,1.6
1206,50,Female,Walking,7,2,0,8.12,1,46.57,19321,1235,8.2,3.3,1.4
1207,68,Male,Public Transport,5,1,2,3.17,1,53.66,14948,1221,8.8,1.7,2.6
1208,59,Other,Bicycle,8,1,2,7.52,1,58.67,18530,1070,5.4,0.1,2.9
1209,61,Male,EV,7,0,2,9.56,0,83.65,14824,1221,4.3,3.8,1.3
1210,41,Male,Car,9,4,1,7.46,1,25.45,5299,377,7.7,1.5,0.5
1211,32,Male,Walking,2,1,1,4.65,0,82.7,15120,1086,7.4,4,2.4
1212,49,Other,Car,4,1,3,6,0,72.36,9118,711,6.4,4.5,1.2
1213,49,Female,Bike,6,2,2,7.17,0,60.03,11756,820,7.9,5.5,2.8
1214,41,Female,Public Transport,4,4,2,6.08,0,72.96,8953,937,7.3,5.7,2.8
1215,58,Male,Car,7,0,0,2.96,1,47.08,5784,425,5.5,0.1,0.3
1216,69,Female,Public Transport,4,1,3,4.5,0,22.46,16185,961,6.4,5.9,2.9
1217,66,Male,Car,0,4,0,8.42,0,69.92,10024,618,6.6,4.1,1.1
1218,66,Female,EV,4,4,3,8.89,0,57.22,15674,920,9.3,3.9,1.9
1219,69,Male,EV,3,0,3,3.1,0,67.54,18845,1228,9.8,0.1,0.1
1220,29,Male,EV,5,4,1,9.62,0,40.42,12708,1119,9.4,5.2,2.7
1221,56,Male,EV,2,4,1,4.63,0,91.62,2159,402,8.3,0.9,1.9
1222,19,Male,EV,4,4,0,7.3,1,62.86,1386,411,7.5,5,1.9
1223,20,Female,EV,1,1,3,8.01,0,17.69,8192,808,8.1,0.1,2.7
1224,66,Male,Public Transport,5,0,2,8.5,0,50.48,11745,989,9.6,3.9,1.5
1225,54,Female,Walking,5,4,1,9.57,0,78.07,10910,679,5.5,2.6,1.2
1226,66,Male,Car,4,4,2,4.5,1,81.47,4409,534,7.2,1.2,2.6
1227,34,Female,EV,5,1,0,8.87,0,54.51,18073,1221,8.1,0.6,2.2
1228,66,Male,Public Transport,6,0,1,3.05,0,90.53,14180,1124,8.1,2.6,2.8
1229,19,Male,Public Transport,4,2,1,7.64,0,34.09,18336,1105,5.5,0.7,2.8
1230,19,Female,Public Transport,0,1,3,7.94,0,46.95,7142,764,7.5,2.9,1.1
1231,45,Male,Walking,7,0,0,7.42,0,90.87,6967,699,8.8,3.8,1.3
1232,40,Male,Car,3,4,3,4.02,1,90.66,8205,517,6.9,5,0.8
1233,54,Female,Walking,8,0,1,8.98,0,71.71,17006,1205,8.8,4.1,2
1234,49,Female,Bicycle,9,0,0,3.35,0,87.31,13109,1117,6.2,0.4,1.1
1235,50,Male,Public Transport,5,0,1,2.43,1,17.99,14034,1008,9.6,1.8,2.4
1236,18,Male,Bicycle,0,2,0,7.74,0,87.85,3484,404,7.2,1.7,0.4
1237,36,Female,Bike,2,0,1,5.8,0,38.86,2854,465,7.6,5.5,0.3
1238,19,Male,EV,2,2,2,8.79,0,26.05,12631,927,4.2,5.2,0.6
1239,61,Male,EV,9,4,2,5.07,0,31.54,3597,420,5,2.2,0.3
1240,43,Male,Walking,3,2,3,3.35,0,47.62,8829,792,7.8,0.4,1.9
1241,49,Female,Car,5,4,2,8.69,0,32.61,9186,654,6.5,5.4,0.4
1242,23,Female,Bicycle,6,4,1,6.39,1,38.85,4983,374,7,5.3,0.5
1243,49,Male,Car,9,2,1,3.51,1,22.15,7684,594,4.4,5.1,0
1244,21,Male,Walking,3,1,2,7.76,0,36.66,11383,791,9,5.1,2.3
1245,28,Male,EV,5,3,3,6.09,0,61.51,18040,1187,8.7,2.9,2.4
1246,34,Female,Car,0,0,2,6.83,0,49.77,13004,917,5.1,1.1,0.5
1247,55,Male,Car,7,3,0,5.69,1,41.2,13103,805,7.8,2.9,2.2
1248,41,Male,EV,6,0,0,8.63,0,77.18,7312,843,8.9,3,1.3
1249,22,Female,Bicycle,8,0,0,8.64,0,90.42,8938,550,7.8,2.9,0.7
1250,69,Male,EV,2,4,2,7.68,1,78.11,10954,723,5.9,3.2,1.9
1251,51,Female,Car,1,0,2,2.84,1,39.88,10777,797,7.9,1.5,0.5
1252,23,Male,Bicycle,0,0,2,8.71,1,77,4563,535,5.3,2.2,2.3
1253,39,Male,Bicycle,2,2,0,7.37,0,23.68,6041,658,5.9,2.6,0.1
1254,28,Male,EV,4,3,3,7.58,1,21.73,12292,918,5.4,0.8,2.9
1255,65,Female,Car,1,2,1,4.9,1,41.11,9026,805,7.3,2.7,0.2
1256,33,Female,Walking,2,0,2,9.03,0,82.69,14923,856,4.6,4.9,1.7
1257,50,Female,Car,3,4,3,7.8,0,32.17,18424,1028,9.6,5,2.7
1258,26,Male,Public Transport,6,2,1,2.9,0,15.69,19657,1113,6,2.5,0
1259,23,Female,Bike,2,2,1,5.26,1,21.85,4629,358,5.3,3.1,1.5
1260,33,Male,Walking,8,1,1,9.09,0,87.29,3114,460,7,0.2,1.1
1261,46,Male,Bicycle,7,0,3,2.38,0,67.04,2677,619,5.7,4,1.7
1262,20,Female,Walking,3,4,3,9.69,0,32.79,4094,531,7.2,2.4,0.7
1263,37,Male,Bicycle,0,2,0,7.43,1,59.98,3284,391,6.1,2.7,0.2
1264,53,Male,Bicycle,0,2,3,7.05,0,57.48,6052,656,4.8,5.2,1.9
1265,36,Male,Walking,0,4,3,4.16,0,68.99,18973,1259,5.6,2.8,1.3
1266,43,Male,Bicycle,0,0,3,3.99,0,30.99,19904,1333,6.6,0.1,1.9
1267,20,Male,Bicycle,7,1,1,9.54,1,87.8,13047,958,4.2,1.4,0.6
1268,36,Female,Public Transport,2,2,2,4.39,0,37.84,1694,501,8.6,2.9,1
1269,37,Male,Car,5,1,0,8.2,0,72.47,16588,1211,7.7,2.5,1.7
1270,49,Female,Car,2,3,2,5.14,1,11.45,14055,1046,7.6,5.2,1.8
1271,24,Female,Bike,4,0,2,3.11,0,43.54,17080,998,7.3,3.3,1.1
1272,69,Male,Bike,6,3,3,2.09,1,41.65,7704,589,7.5,4.1,0.8
1273,58,Male,Public Transport,1,3,0,6.35,0,58.91,8368,865,9.6,2.8,0.8
1274,50,Male,Bike,5,3,2,9.81,0,16.55,2971,528,4.1,2.6,0.5
1275,17,Female,Walking,5,0,2,4.95,0,81.11,15593,1112,4.3,2.7,1
1276,56,Male,EV,2,0,0,4.86,0,29.6,9055,740,5.1,2.5,0.6
1277,35,Female,EV,5,4,3,4.75,0,70.93,12441,765,5,3.2,1.9
1278,57,Male,EV,9,1,2,6.16,0,82.29,15677,1107,5.1,1.5,1.7
1279,18,Female,Public Transport,9,1,1,5.53,1,60.57,2868,384,8,5.3,1.1
1280,28,Male,Public Transport,4,4,2,9.04,0,76.68,19055,1187,6.8,2,1
1281,45,Male,Bicycle,1,4,1,6.04,0,69.57,2728,411,10,0.9,0.7
1282,42,Female,EV,8,3,3,6.06,0,42,8632,672,35.4,0.6,1.6
1283,67,Female,Walking,7,4,2,3.11,1,82.8,13043,831,5.9,0.1,2.8
1284,40,Male,Bike,2,2,0,9.86,0,36.52,7403,551,9.9,2.5,2.1
1285,48,Female,Walking,7,1,0,4,0,61.41,16732,1070,9,1.1,2.2
1286,47,Female,Bike,8,4,2,2.59,0,77.09,19526,1282,6.8,0.1,2.5
1287,59,Female,EV,2,2,3,7.31,0,44.11,10340,960,7.3,3.1,1.1
1288,52,Female,EV,2,2,3,6.76,0,37.25,7184,635,9.1,4.1,0.2
1289,24,Male,EV,1,2,0,5.32,1,51.34,1253,544,6.9,0.5,1.9
1290,33,Male,Public Transport,7,2,2,5.38,0,83.62,5102,597,5.2,2.8,0.6
1291,43,Male,Bike,9,3,3,8.28,1,93.69,4542,381,9,4.5,1.7
1292,65,Female,Public Transport,0,2,0,3.57,0,59.06,7212,600,7.2,5.9,2.2
1293,69,Female,Public Transport,7,3,1,8.56,0,69.53,5637,436,4.9,4,2.4
1294,66,Male,Car,6,3,2,7.19,1,91.29,12525,740,7,1.5,0.9
1295,19,Male,Walking,6,2,1,5.35,0,18.87,12471,907,6.5,4.3,1.5
1296,18,Female,Walking,2,1,1,5.66,1,30.89,13500,1088,9.3,3.6,1.9
1297,65,Other,Bicycle,0,2,3,4.05,0,73.8,16247,999,4.8,1.3,2.5
1298,29,Female,Public Transport,3,2,3,8.02,1,84.14,11532,772,9.3,5.1,2.3
1299,22,Male,Bike,8,2,3,6.1,0,87.13,14518,968,7.1,2.6,3
1300,54,Male,Car,4,1,2,4.57,0,47.36,7476,480,6.4,5.8,0
1301,49,Male,Car,0,0,1,6.77,0,18.04,2004,414,5,4.3,1.3
1302,26,Female,Walking,4,0,2,9.97,0,49.4,11286,836,8.2,3.9,0.8
1303,58,Male,Public Transport,7,3,3,5.48,0,30.77,5717,607,9.6,4.4,0.4
1304,52,Female,Bicycle,7,3,1,9.37,0,36.21,4271,352,6.3,2.9,2.7
1305,36,Male,Public Transport,4,1,2,4.76,0,79.5,13714,966,5.4,3,3
1306,65,Female,EV,8,4,2,2.44,0,16.8,1209,429,7.3,5.1,0.5
1307,33,Female,Public Transport,0,0,0,3.63,1,84.48,6539,612,8.8,4.1,0.1
1308,20,Female,EV,3,3,2,5.35,0,48.49,17537,1220,4,5.4,0.8
1309,37,Male,EV,2,0,3,3.76,0,63.65,9606,888,7.8,5.3,2.5
1310,41,Male,Bicycle,1,1,2,2,0,18.07,12616,960,7.6,5.9,0.9
1311,50,Male,Bike,7,1,1,9.32,0,40.36,2284,596,5.9,4.2,0.2
1312,41,Female,Walking,6,4,2,8.75,0,18.07,4148,461,6.7,3,0.2
1313,69,Female,Public Transport,8,4,0,7.94,0,96.54,1768,362,5.5,1,1.3
1314,28,Female,EV,1,1,1,3.34,1,82.65,6607,765,8.7,4.2,2.8
1315,66,Female,Public Transport,3,3,1,2.96,1,51.37,19594,1193,7.8,1.7,0.9
1316,25,Female,Bike,5,0,0,2.54,0,30.12,8399,908,7.2,1.7,1.3
1317,53,Male,Walking,2,2,3,7.79,0,94.01,1358,477,6.4,1.4,0.3
1318,55,Female,Bike,7,4,1,9.43,0,41.01,1849,491,5.7,5.3,1.5
1319,57,Male,Walking,2,2,3,5.44,0,24.49,8498,541,8.9,5.2,2.1
1320,37,Male,Car,1,3,1,2.95,0,60.68,5522,647,6.7,3.8,0.8
1321,52,Female,Walking,2,4,1,6.1,0,94.94,19928,1107,7,2.8,0.9
1322,65,Male,Bicycle,5,2,3,4.79,0,10.34,13773,1088,7.1,4,2.5
1323,42,Male,Bike,1,3,1,5,0,31.43,19215,1251,6.7,3.6,0
1324,52,Female,EV,7,0,3,6.97,0,94.46,18856,1273,5.5,2.5,1.9
1325,42,Male,Car,0,3,0,7.75,1,25.4,10628,723,4.7,2.3,1.2
1326,46,Female,Bicycle,6,4,3,2.88,0,20.19,1329,383,4.6,2.3,0.9
1327,35,Male,Public Transport,1,1,0,2.28,1,61.32,6851,719,8.5,3.5,2
1328,63,Male,Bike,9,0,1,9.95,1,87.57,8032,853,5.3,3.9,2.5
1329,35,Male,EV,5,2,3,3.86,0,52.94,16326,1218,4.3,2.7,1.7
1330,19,Male,Walking,1,4,1,2.43,0,99.51,6266,441,8.8,5.8,0.1
1331,52,Female,EV,1,1,3,3.52,0,71.13,5354,667,4.9,0.5,1.4
1332,33,Male,Public Transport,9,3,0,2.31,1,16.67,16082,980,7.8,2.1,1.4
1333,58,Female,Car,7,1,0,5.13,1,99.35,5722,394,6,2.5,1.6
1334,53,Male,Car,1,4,3,8.42,0,46.71,18772,1061,4.8,0.1,2
1335,50,Female,Bike,6,4,0,4.73,0,35.87,9911,609,6.5,2.2,0.1
1336,21,Female,Car,2,1,1,5.55,1,60.21,4235,474,4.1,1.6,1.5
1337,50,Female,Bike,7,3,1,7.4,0,37.39,5576,390,9,3,1.8
1338,31,Male,Bike,6,1,2,6.07,1,17.78,2100,551,7.1,2,1
1339,38,Male,Bike,7,4,0,8.89,1,10.13,9864,764,4.8,4.4,2
1340,65,Male,Walking,6,4,1,8.93,0,50.46,9708,941,5.4,3.1,0.7
1341,37,Female,Bicycle,5,2,3,2.08,0,85.32,19916,1421,6.7,0.8,1
1342,25,Male,Bike,6,2,0,8.22,0,61.51,18165,1207,5.1,4.5,2.9
1343,24,Female,Bike,4,0,1,5.69,0,99.93,15439,1248,5.6,0.6,1
1344,20,Female,Bicycle,6,4,0,9.91,0,35.82,12750,812,7.2,5,1
1345,34,Male,EV,0,2,3,5.87,1,35.24,10781,802,9,5.6,1.8
1346,50,Female,Bike,0,1,1,9.9,1,24.38,5995,770,6.4,1.9,2.9
1347,65,Male,Walking,8,3,2,8.04,1,24.77,18885,1104,8.3,5.6,2.9
1348,29,Male,Car,4,1,2,3.99,0,35.67,12986,993,9.3,4.8,1.7
1349,68,Female,Car,4,3,0,6.31,1,81.36,13510,1156,5.3,5.5,0
1350,39,Female,Public Transport,2,2,3,9.94,1,91.52,10268,767,8.8,4,2.7
1351,39,Female,Public Transport,4,0,1,8.86,0,97.76,1502,431,8.5,1.4,1.7
1352,63,Male,Car,2,1,3,2.78,0,30.91,10531,869,6.1,5.4,1.1
1353,47,Male,Car,8,1,1,7.65,0,89.32,9009,711,9.9,1.1,2.5
1354,55,Female,Walking,8,1,0,4.76,1,39.54,18007,1067,5.6,1.3,1.2
1355,55,Female,Bicycle,5,3,1,2.06,0,20.16,12542,1070,5.5,1.6,0.1
1356,62,Female,Public Transport,0,2,3,5.23,1,88.3,18434,1297,8.6,1.8,2.5
1357,68,Male,Bicycle,6,1,3,3.88,0,67.25,18713,1195,6.6,3.1,1.6
1358,25,Female,Walking,6,1,0,8.55,1,24.83,14435,1211,6,4.3,1
1359,44,Male,Car,9,0,3,4.7,0,48.68,5114,613,5.1,5.6,0.8
1360,44,Male,Bike,9,0,1,8.62,0,35.85,14568,1134,8.6,0.5,1.8
1361,51,Female,Bicycle,3,2,0,2,0,76.31,4367,652,8.7,5.7,0.6
1362,38,Male,Car,7,2,1,4.46,0,50.81,9095,648,7.4,5.5,1
1363,47,Female,Car,5,4,3,3.93,1,99.04,6141,652,9.7,0.3,1.9
1364,50,Male,EV,3,0,0,3.87,0,14.93,4951,567,5.9,2.2,2.6
1365,45,Male,Bicycle,3,4,1,2.55,0,41.95,15887,1016,25.3,4.9,1.6
1366,64,Female,Bike,1,3,3,3.5,0,53.37,2573,414,8.1,3.7,2.3
1367,50,Female,Bicycle,1,4,3,6.44,0,55.28,14359,1078,8.6,4.7,2.3
1368,22,Female,Car,3,1,2,4.33,0,38.43,3768,560,5.3,4.3,2
1369,65,Female,Bike,4,4,3,5.34,0,75.63,6302,787,4.5,3,0.7
1370,36,Female,Walking,7,2,1,5.01,1,88.73,14746,896,8.9,0.2,2.6
1371,21,Female,EV,5,3,0,9.01,0,94.48,2211,334,9.9,3.5,1.3
1372,52,Female,Car,3,1,2,9.24,1,82.46,16445,1258,7.9,0.3,0.1
1373,66,Male,Public Transport,6,4,3,5.94,1,86.55,16815,1280,5.7,3.6,0.7
1374,34,Female,Public Transport,7,3,3,4.64,0,59.55,2160,258,10,4.8,2.3
1375,61,Male,EV,1,3,3,2.85,0,84.33,8041,679,9.4,3.5,0.2
1376,45,Other,Walking,6,1,1,9.63,0,37.32,19767,1226,7.1,6,0.4
1377,47,Female,Car,1,4,2,2.48,1,45.86,11846,1018,9,2.7,2.1
1378,46,Male,Bicycle,1,3,1,4.38,1,38.52,6876,612,8.9,4.5,2.7
1379,63,Female,EV,7,3,2,4.38,0,52.06,13889,832,9.6,4,1.9
1380,23,Female,Walking,1,0,0,4.56,1,35.7,14882,912,9,5.9,0.7
1381,52,Male,Bicycle,8,3,1,3.31,0,96.55,15738,1121,7.9,4.3,0.2
1382,58,Female,Public Transport,0,0,1,8.27,1,38.16,2095,251,7.7,1,1.8
1383,54,Female,Public Transport,8,4,0,2.98,1,18.82,6901,825,6.8,5.7,0.1
1384,41,Male,Bicycle,0,4,2,7.08,0,57.41,9215,616,7.8,4,1.8
1385,46,Female,EV,9,4,3,2.99,0,15.14,13911,1071,8.8,0.4,0.7
1386,66,Male,Public Transport,9,2,0,2.56,0,19.95,15123,1193,9.8,3.9,2.7
1387,63,Female,Car,1,4,3,9.28,0,29.75,2079,301,6.8,5.3,1.4
1388,48,Other,Bike,5,3,3,3.52,1,51.79,13510,789,7.4,3.5,0.7
1389,52,Female,Bicycle,5,1,0,8.57,0,48.99,19344,1391,6.7,2.1,2.6
1390,50,Male,Bicycle,0,0,2,6.36,0,81.97,2473,401,8,4.9,0.8
1391,69,Female,Public Transport,6,2,3,2.62,0,76.55,5888,725,7.8,4.7,0.9
1392,38,Female,EV,7,4,0,9.64,1,48.37,5979,459,4.1,3.3,2.5
1393,49,Male,Car,1,4,1,3.98,0,40.03,2212,328,7.2,0.9,0.9
1394,40,Female,EV,7,1,1,8.88,0,38.48,10001,636,4.5,1.5,1.2
1395,50,Male,Walking,8,1,1,3.35,0,79.66,14248,945,4.2,4.4,1
1396,20,Female,Walking,5,2,0,8.83,1,14.69,1419,195,8.7,4.8,0.3
1397,35,Male,Bike,4,0,1,2.11,1,11.15,16608,937,5.6,1.7,0.1
1398,42,Male,Public Transport,8,4,3,6.09,0,81.6,4659,335,6,2.2,2.2
1399,59,Male,Public Transport,8,2,1,8.16,0,52.94,6283,434,4.4,0.5,1.9
1400,48,Female,Public Transport,0,3,1,9.48,0,21.78,11715,833,5.1,4.3,0.8
1401,20,Male,Bike,2,3,3,9.27,0,31.2,17165,982,8.6,0,0.9
1402,57,Female,Walking,8,2,1,8.56,0,93.93,2340,359,7,0.3,2.8
1403,63,Male,EV,1,4,3,9.11,1,87.36,15805,1134,9.3,0,3
1404,41,Male,Bike,3,2,1,3.59,0,73.88,11584,721,6.4,3.9,1.4
1405,67,Female,Bike,3,4,3,4.27,1,53.4,15780,1181,5.6,2.5,2.4
1406,49,Female,EV,1,1,1,4.31,0,56.83,6137,590,6.1,1.8,2.2
1407,64,Male,Public Transport,2,2,3,5.02,1,97.77,18745,1078,8.3,5.5,0.9
1408,39,Female,Car,2,4,0,5.15,1,96.92,1591,270,7.3,1.2,0.2
1409,40,Female,EV,0,2,3,6.36,0,29.37,1526,492,9.4,2.3,0.4
1410,19,Female,Walking,5,2,1,3.28,0,83,8855,939,7.6,5.6,2.5
1411,44,Male,Bicycle,7,4,1,7.53,0,27.75,11695,1007,7,2.6,2.2
1412,59,Male,Bicycle,2,4,2,3.34,0,29.22,2292,266,8.7,3.3,2
1413,19,Female,Bike,4,0,3,4.48,0,70.85,19038,1134,9.7,0.5,0.4
1414,43,Male,Bicycle,0,2,0,6.03,0,46.45,17571,1011,6.1,4.7,1.9
1415,34,Female,Car,9,3,3,8.37,1,93.84,9625,656,5.5,2.5,2.3
1416,57,Female,Public Transport,6,2,3,7.92,0,18.01,7431,823,7.7,4.8,2.6
1417,50,Female,Walking,9,2,0,7.16,1,56.04,16926,1142,7,1.5,0
1418,26,Female,Car,0,4,3,3.25,0,92.67,12704,1020,9.9,2.5,2.1
1419,60,Other,Walking,8,2,0,6.38,1,91.37,1437,258,6.8,4.7,0.1
1420,65,Male,Walking,7,2,0,2.7,0,24.09,11780,923,4.4,5.8,2.1
1421,56,Female,Public Transport,6,3,3,5.02,1,43,18216,1241,9.9,0.4,1.9
1422,46,Male,Bike,9,4,3,5.31,0,65.72,9988,605,9.1,4.9,0.4
1423,59,Male,Bicycle,6,2,1,2.32,0,24.35,9953,888,5.1,1.8,2.3
1424,43,Female,Public Transport,4,1,1,4.19,0,97.12,6794,476,9.4,3.3,0.2
1425,52,Female,Car,4,0,2,9.65,0,92.33,4574,379,6,1.7,2.5
1426,67,Other,,4,3,2,9.63,0,25.03,17301,1107,6.3,3.7,0.8
1427,42,Female,Car,0,2,3,4.82,0,20.9,1684,579,9.4,2.1,2.1
1428,41,Male,Bike,7,1,0,2.34,0,17.69,5233,581,7.2,2,2.8
1429,30,Male,Car,0,2,2,3.43,1,91.85,17961,1237,4.8,0.2,1
1430,24,Female,Public Transport,3,2,3,5.14,0,27.43,13997,941,6.2,0.9,1.5
1431,53,Male,Bike,8,4,2,9.58,0,47.47,9007,898,8.3,5.5,1.4
1432,62,Male,Bike,8,4,0,3.13,1,50.4,17611,1342,5,6,0.5
1433,37,Male,Walking,4,4,3,8.11,0,63.91,3328,647,7.5,4.7,1.8
1434,18,Male,Walking,3,1,0,2.87,0,16.46,10019,648,8.2,1.7,2.2
1435,25,Male,EV,2,2,3,9.85,0,30.41,17814,1266,6.1,2.4,2.8
1436,63,Male,Car,2,0,2,5.05,1,93.83,10255,882,8.2,4.4,2.6
1437,33,Male,Walking,4,3,1,8.2,1,91.76,19093,1067,9.3,5.8,1.5
1438,31,Male,EV,9,4,2,4.74,1,80.32,6782,736,6.8,2.7,2.2
1439,29,Other,Walking,0,4,2,7.02,0,11.75,2234,225,6.3,5,2.4
1440,68,Male,Car,4,2,1,3.54,1,39.43,6205,643,5.5,5.9,1.5
1441,40,Male,Bike,5,2,1,3.17,0,66.52,2420,283,7.6,5.2,0.3
1442,32,Female,Bicycle,6,1,3,9.5,0,34.77,18152,1202,9.3,1.4,1.3
1443,45,Male,Car,8,1,3,9.34,0,91.86,10596,655,5.9,0,2.5
1444,51,Female,Public Transport,2,4,0,9.1,0,67.05,5355,459,6.4,3,1.8
1445,19,Female,Walking,1,2,0,7,0,16.47,18922,1150,6.4,3.2,2.2
1446,49,Male,Walking,2,0,2,8.47,0,91.81,18715,1343,7.4,1.2,0.6
1447,40,Male,Bike,8,3,1,2.55,0,96.2,9261,614,5.4,1.7,2.9
1448,39,Female,Public Transport,6,2,0,4.68,0,16.99,14765,1156,8.9,4.6,1.2
1449,68,Female,Bike,8,2,2,4.51,1,57.91,6944,627,5.8,2.8,2
1450,42,Male,Public Transport,1,1,1,7.09,0,37.3,8126,562,8.2,1.9,0.1
1451,39,Female,Bicycle,4,3,3,4.85,1,45.36,17864,1112,7.1,3.7,0.4
1452,39,Male,Walking,3,4,2,3.19,0,26.17,6263,720,7.5,3.9,2.3
1453,66,Other,Walking,1,2,3,6.77,1,62.03,16300,1277,5.1,4.6,2.9
1454,69,Male,Bicycle,8,4,0,8.52,0,96.22,3793,331,8.4,0.9,1
1455,59,Female,EV,8,2,0,5.06,0,55.28,3892,428,5.1,4.4,0.1
1456,23,Female,Bike,5,4,1,3.06,0,17.46,2198,581,4.7,3.6,1.1
1457,32,Female,Bicycle,5,3,2,3.57,0,65.8,19756,1346,7.3,0.3,0.1
1458,60,Female,Bike,7,1,3,3.9,1,40.62,19276,1259,8.3,4.7,0.6
1459,54,Male,Car,5,3,1,4.4,0,87.03,2883,376,4.3,2.3,2.3
1460,50,Male,Walking,0,0,0,7.14,0,49.12,1797,443,4.4,2,2.8
1461,25,Male,Bike,3,1,0,6.81,1,27.36,9209,779,8.8,2.7,0.3
1462,61,Male,,6,3,2,7.57,0,27.2,9235,896,8.9,2.1,1.7
1463,61,Female,Bike,1,0,3,4.9,0,79.19,17538,1016,5.5,2,0.8
1464,22,Male,Car,8,2,2,8.59,0,33.9,16257,1299,7.7,4.8,0.4
1465,56,Male,Walking,7,2,3,3.63,0,79.05,9050,806,6.7,0.7,0.7
1466,21,Other,Bicycle,7,4,3,5.75,0,28.53,6947,448,7.8,5.8,1.7
1467,23,Female,Car,6,1,2,8.41,0,38.95,10617,824,9.2,3.3,0.2
1468,62,Female,Walking,3,2,1,3.44,1,51.89,2892,485,4.5,1.1,1.3
1469,49,Other,Bike,1,1,2,2.88,0,94.89,4424,469,8.7,0.8,0.4
1470,69,Male,EV,2,2,2,9.07,0,93.86,10450,819,7,3.5,0.8
1471,47,Male,EV,5,4,0,4.74,0,28.62,14418,1118,7.4,3.8,0.6
1472,64,Female,Public Transport,4,3,0,7.47,1,42.24,3015,494,7.9,0.3,2.6
1473,52,Female,Walking,7,4,2,2.2,1,23.45,5833,728,9.5,1.5,2.1
1474,57,Male,EV,5,0,2,7.52,0,55.9,10894,751,4.3,4.8,2.6
1475,69,Female,Bicycle,5,2,0,4.53,1,51.45,16942,1339,4.2,0.3,1.2
1476,33,Male,Walking,0,0,3,2.45,0,91.07,10065,814,5.1,5.1,0.9
1477,30,Male,Bicycle,3,0,2,6.88,0,93.7,1565,333,9.9,3.9,1.1
1478,67,Female,Bicycle,4,1,1,3.93,0,44.52,8412,545,8.3,,0.1
1479,59,Female,EV,2,2,1,5.09,0,54.26,19402,1151,7.7,2.1,2.2
1480,47,Female,Walking,8,0,1,2.64,0,90.66,11077,735,4.3,0.1,1
1481,36,Male,Bike,0,3,2,3.18,1,82.6,11315,795,9.3,5,0.9
1482,34,Female,Car,5,0,3,4.38,0,10.33,13834,1119,8.9,0.9,1.8
1483,36,Male,EV,5,3,3,2.72,1,38.81,3314,364,8,1.9,1.3
1484,45,Male,EV,9,1,0,9.29,0,47.96,5412,625,6,3.4,2.9
1485,43,Female,Bike,4,0,2,2.05,0,30.67,4883,392,4.4,1.5,1.1
1486,54,Female,Walking,4,4,3,5.87,0,27.96,12384,781,7.5,3,1.8
1487,43,Female,Walking,9,1,2,2.99,0,13.4,11051,695,8.3,4.9,0.9
1488,40,Female,Bicycle,4,3,0,4.46,0,67.9,9216,849,4.6,2.8,3
1489,26,Female,Bike,5,1,0,9.41,0,33.63,12695,838,7.8,5.7,1.3
1490,29,Female,Bike,7,0,0,3.29,0,14.71,8902,649,5.7,5.1,1.9
1491,18,Male,Walking,1,2,1,9.73,0,30.79,14187,1133,8.6,2,0.4
1492,18,Male,Bicycle,5,2,2,3.65,1,82.17,18573,1042,7.2,2.4,2.2
1493,64,Male,EV,0,3,0,7.93,0,86.63,13288,938,4.8,2.5,0.8
1494,51,Male,Public Transport,3,3,2,6.37,0,53.48,15210,1118,7.2,3.8,1.3
1495,49,Female,Car,9,2,1,9.08,0,47.45,7884,704,6.4,1.7,2.6
1496,65,Female,EV,2,3,1,6.43,1,98.01,11559,935,5.1,5.8,2.9
1497,42,Male,Walking,8,1,0,6.28,1,28.05,19125,1157,9,3.7,1.3
1498,57,Male,Car,2,4,0,3.56,0,29.38,4688,593,24.1,2.4,2.5
1499,62,Female,Public Transport,5,4,3,3.33,0,36.27,15114,1198,5.9,3.9,0.2
1500,18,Male,Public Transport,0,1,2,9.33,0,25.55,6369,576,4.1,2.4,2.5
